{"cameraMode":{"drawMode":0,"name":"Shaded","section":"Shading Mode"},"sceneLighting":false,"audioPlay":false,"sceneViewState":{"showFog":true,"showMaterialUpdate":false,"showSkybox":false,"showFlares":true,"showImageEffects":true,"showParticleSystems":true},"in2DMode":false,"pivot":{"x":0.6289999485015869,"y":-0.4705810546875,"z":1.4582533836364747},"rotation":{"x":-0.2397148162126541,"y":-0.09679901599884033,"z":0.02402813360095024,"w":-0.9657065868377686},"size":2.8578836917877199,"orthographic":false}